FNAME,MJD,DATE,s1,merr1,s2,merr2,s3,merr3,s4,merr4,s5,merr5,s6,merr6,s7,merr7,s8,merr8,s9,merr9,s10,merr10,s11,merr11,s12,merr12,s13,merr13,s14,merr14,s15,merr15,s16,merr16,s17,merr17,s18,merr18,s19,merr19,s20,merr20,s21,merr21,s22,merr22,s23,merr23,s24,merr24,s25,merr25,s26,merr26,s27,merr27,s28,merr28,s29,merr29,s30,merr30,s31,merr31,s32,merr32,s33,merr33,s34,merr34,s35,merr35,s36,merr36,s37,merr37,s38,merr38,s39,merr39
Vv0001w.fits,58756.030185,2019-09-30T00:43:27.984,16.02497,0.003434865,17.458331,0.0035471183,14.748751,0.0034133487,16.049598,0.0035342325,11.918663,0.0016554746,17.320275,0.003621862,16.986361,0.0035435259,13.2585,0.0025602539,17.248769,0.003532581,16.753579,0.0035826029,14.859654,0.0034121774,17.074064,0.0035669069,14.762908,0.0032815398,16.907575,0.0035753181,17.316264,0.0037068679,14.441863,0.0031423233,16.109469,0.003578783,16.701438,0.0035376625,13.970457,0.0029516441,14.727491,0.0032555742,11.613416,0.0014695609,16.252938,0.0035187693,16.671916,0.0035505255,16.033456,0.0035306947,15.346757,0.0035373539,14.952223,0.003293491,16.55909,0.0035840383,16.330374,0.0035576362,17.205628,0.0036196254,16.603905,0.0035194764,16.582329,0.003538513,16.252235,0.0035705348,16.651817,0.0036115524,16.234501,0.0035450788,16.571017,0.0035939713,17.560019,0.0035558533,16.34723,0.0035814678,16.407893,0.0035702849,13.572741,0.024889477
Vv0002w.fits,58756.032454,2019-09-30T00:46:44.026,15.650981,0.0033652843,17.412934,0.0034260414,14.459724,0.0031249463,15.634734,0.0034195616,11.612085,0.0014473581,17.133677,0.0034153123,17.093136,0.003359465,12.908578,0.0022513253,16.6219,0.0033792557,16.251146,0.0033606832,14.543105,0.0030747056,16.842088,0.0034390094,14.497654,0.0030347099,16.551133,0.0034261696,16.923815,0.0034683999,14.120408,0.0029401801,15.706287,0.0033347513,16.6104,0.0034231402,13.68122,0.0027641507,14.38843,0.0030510859,11.336679,0.0013066515,15.813057,0.0033988768,16.34986,0.0034143282,15.672099,0.0033583182,15.054915,0.0032536045,14.663475,0.0031635318,18.03149,0.0035337786,15.975939,0.0034134843,16.663626,0.0034589703,16.522618,0.0033082258,16.183448,0.0034075703,15.848182,0.0033355961,18.348747,0.0036326632,16.212142,0.0034382509,16.126401,0.0034337889,16.857862,0.0034158998,15.97736,0.0033344805,16.381542,0.0033576637,13.546273,0.024114458
Vv0003w.fits,58756.036319,2019-09-30T00:52:17.962,15.646482,0.0032636139,nan,0.0033478342,14.453447,0.0031136586,15.733661,0.0034211014,11.609189,0.0014472559,17.20652,0.0034875587,nan,0.0034530439,12.940529,0.0022787069,16.717918,0.0033757755,16.357426,0.003367588,14.537561,0.0031246756,17.287116,0.0034557747,14.450824,0.003079247,16.395191,0.0033350146,16.508777,0.0034423801,14.134579,0.0029343723,15.786922,0.0033856511,15.362637,0.0032008221,13.673086,0.0027386644,14.362336,0.0030336069,11.396151,0.0013379891,15.960909,0.0033790249,16.626862,0.0034285346,15.731635,0.00334471,15.075715,0.0032492418,14.666764,0.0031396637,21.697854,0.0035198734,15.929967,0.0032377631,16.803537,0.0034628114,16.258224,0.0033752226,16.299833,0.0034138124,21.935415,0.0035433606,20.363545,0.0035146939,16.353853,0.0034503026,16.373565,0.0034541383,16.7758,0.0033310149,15.926216,0.0033259687,16.367673,0.0034388519,15.802078,0.00328985
Vv0004w.fits,58756.037442,2019-09-30T00:53:54.989,15.701221,0.0032919417,17.465068,0.0033369067,14.570795,0.0031657425,15.667977,0.0034195802,11.641761,0.0014814774,17.446458,0.0034192234,16.942453,0.0033363406,12.952102,0.0023154348,16.490799,0.0034746233,16.107581,0.0034328157,14.563629,0.0031561681,17.049226,0.0034439461,14.496805,0.0030992608,16.473345,0.0034323985,17.083016,0.0035488115,14.139558,0.0029389512,15.728803,0.0033271436,16.808246,0.0033235738,13.691809,0.0027547195,14.480511,0.0030895297,11.432752,0.0013592921,15.997662,0.0032888238,16.411996,0.0034063037,15.852604,0.0033830693,14.934666,0.0032036058,14.768349,0.0031472024,16.179289,0.0033537449,16.065904,0.0034114544,16.879472,0.0034609421,16.27781,0.0033741221,16.173741,0.0033933128,16.008956,0.0035062104,16.353555,0.0034333366,16.267945,0.0034341166,16.27724,0.0034240156,16.82476,0.0033948235,16.040129,0.0032540812,16.295359,0.0034336189,16.021246,0.003305649
Vv0005w.fits,58756.038565,2019-09-30T00:55:32.016,15.813292,0.0033141023,17.663729,0.0033517819,14.50102,0.0031547707,15.75801,0.0034432207,11.598854,0.001444608,17.067459,0.0034118571,16.872167,0.0033557626,12.925067,0.0022634173,16.529098,0.0034838427,16.390847,0.0034622093,14.523608,0.0030739061,16.996756,0.0034449076,14.487246,0.0030391659,16.657433,0.0034508161,16.624214,0.003570137,14.131147,0.0029402348,15.729904,0.0034066264,16.685921,0.0034139501,13.672609,0.002737391,14.481333,0.0030990016,11.424478,0.0013416141,15.95935,0.0033089801,16.477871,0.0033438071,15.784395,0.0033917643,15.021267,0.0032553461,14.67055,0.0031321901,16.433078,0.0034462022,16.105191,0.0034170088,16.604948,0.0033607093,16.572379,0.003433388,16.104434,0.0033995869,16.79466,0.0034895487,16.307755,0.0034621264,16.210073,0.0034287159,16.149872,0.0034184502,16.783766,0.0033224521,16.049595,0.0033508627,16.295348,0.0034470983,13.48045,0.025240074
Vv0006w.fits,58756.039687,2019-09-30T00:57:08.957,15.688734,0.0033707058,17.425897,0.0034414568,14.501761,0.0031446549,15.712776,0.0033747375,11.59685,0.001439179,17.025749,0.0033917155,16.814898,0.0033274481,12.930091,0.00230745,16.322098,0.0033660511,16.431224,0.0034560609,14.438898,0.0030278853,17.008368,0.0033753182,14.516441,0.0030319332,16.679425,0.0033411732,17.076795,0.0034462054,14.118611,0.0029343867,15.698403,0.0034005745,16.778957,0.0034296108,13.705601,0.0027503759,14.476929,0.0030802627,11.443647,0.0013669048,15.898471,0.0033041433,16.508884,0.0034023665,15.784415,0.0033834814,15.017568,0.003146914,14.687042,0.0030656423,16.358279,0.0034276459,16.139074,0.0033102213,16.821801,0.0034438082,16.628851,0.0033945392,16.253564,0.0033048169,19.978291,0.0035191207,16.357479,0.0034303711,16.05993,0.0034003642,16.172991,0.0034079169,16.8741,0.0033234592,16.046737,0.0033429596,16.290252,0.0034175593,13.556251,0.024708005
Vv0007w.fits,58756.04081,2019-09-30T00:58:45.984,15.641044,0.0033040559,17.231622,0.0034434194,14.51803,0.0031703145,15.724574,0.0033338826,11.610009,0.0014496747,17.283049,0.0034238455,16.711031,0.0033246581,12.934392,0.0022759723,16.457744,0.0034780022,16.111776,0.00344228,14.54422,0.0031526385,17.239173,0.0033637702,14.50368,0.0030413808,16.657033,0.003345998,17.438252,0.0035935937,14.139147,0.0028802391,15.764392,0.0033498471,16.686335,0.0034430534,13.684904,0.0026949886,14.473562,0.0030251035,11.472318,0.0013834074,16.067868,0.0034105481,16.425307,0.0034290852,15.78514,0.0033765418,15.077679,0.0032620109,14.696664,0.0031495951,16.180645,0.0034534402,16.066914,0.0034369697,16.936036,0.003482732,16.167714,0.0033823245,16.366519,0.0034311496,15.889321,0.0034117339,16.431678,0.0034435665,16.370277,0.0034399299,15.981006,0.0033285635,16.866726,0.0034186306,16.21126,0.003285949,16.705345,0.0035046676,13.45021,0.024999356
Vv0008w.fits,58756.041921,2019-09-30T01:00:21.974,15.686999,0.003387354,17.1208,0.0034180996,14.526355,0.0031272844,15.811823,0.0033403328,11.605416,0.0014442765,17.110565,0.0034062071,16.954731,0.0033568892,12.929532,0.0022674049,16.659159,0.0034925822,16.32918,0.0033626836,14.528244,0.0031314753,17.010506,0.0034595698,14.515272,0.0030961389,16.462817,0.0034179818,17.252309,0.0034764008,14.118085,0.0029378156,15.884078,0.0033480354,16.672132,0.0033405163,13.697344,0.0027588938,14.505348,0.0030848824,11.48089,0.0013888876,16.046628,0.0034086568,16.64156,0.0034091172,15.904853,0.0033894702,15.112936,0.0032538459,14.684578,0.003138442,16.323438,0.0034501801,16.157686,0.0034390726,16.69543,0.0034620597,16.281123,0.0033984655,16.340265,0.0033306658,15.986159,0.0034210903,16.251725,0.0034361458,16.20412,0.0034294767,16.208385,0.003440714,16.767625,0.0034148422,16.063477,0.0033526179,16.272344,0.0034554067,13.568309,0.024598318
Vv0009w.fits,58756.043044,2019-09-30T01:01:59.002,15.677153,0.0033203264,17.632794,0.003454887,14.534184,0.0031726289,15.720533,0.003428109,11.606189,0.0014483236,17.301683,0.0034095387,16.782901,0.0033573963,12.935993,0.0022697507,16.521183,0.0034005935,16.505388,0.0033919823,14.578791,0.0031736848,17.415998,0.0033986383,14.510342,0.003111369,16.767201,0.0033504955,17.19697,0.0035090855,14.12312,0.0028834641,15.290834,0.0032649148,16.323606,0.0033069274,13.689175,0.002698849,14.500442,0.0030992159,11.516054,0.0014049974,16.057576,0.0033199901,16.612455,0.0034372731,15.726098,0.0034115058,15.052187,0.0032567189,14.697104,0.0031490669,16.179672,0.0033692634,15.951354,0.0034220679,16.856228,0.0034790502,16.177543,0.0034020478,16.184466,0.0034112193,19.036414,0.0035515548,16.406508,0.0033538189,16.239473,0.0034363703,16.237535,0.0034416698,16.846236,0.0032463792,15.931789,0.003260442,16.432603,0.0034520115,13.640662,0.024247136
Vv0010w.fits,58756.044167,2019-09-30T01:03:36.029,15.583309,0.0032758743,17.366919,0.0034454773,14.433823,0.0031281654,15.629607,0.0033903806,11.604063,0.0014448452,17.087279,0.0034095032,17.047905,0.0033549727,12.929161,0.0022645708,16.470862,0.0034822989,16.368538,0.0034781651,14.543808,0.0032321094,17.152313,0.003396643,14.474264,0.0031002731,16.512968,0.0033552805,17.204172,0.003481939,14.115289,0.0029553814,15.769846,0.0034175209,16.530854,0.0034339616,13.691356,0.0027668828,14.484449,0.0030278227,11.525168,0.0013975368,15.988761,0.0034243525,16.662108,0.0034518844,15.878354,0.0033873294,15.119772,0.0032558451,14.676318,0.0031621385,16.27498,0.0034496911,16.038627,0.0034123983,16.780966,0.0034799374,16.341712,0.0034039019,16.195786,0.0034198487,16.014322,0.0034517101,16.220993,0.0034346551,16.358744,0.0034327243,16.371513,0.003351891,16.828285,0.0034184654,15.946422,0.0032558193,16.450119,0.0034811058,13.550975,0.024662708
Vv0011w.fits,58756.045289,2019-09-30T01:05:12.970,15.663433,0.0032969262,17.573721,0.0033545875,14.504021,0.0031512738,15.820586,0.0034390964,11.6076,0.0014473926,16.960275,0.0034069839,16.771111,0.0033351088,12.938266,0.0022768176,16.749101,0.0034832791,16.175467,0.0033770814,14.544886,0.0031388278,17.048464,0.0034537905,14.507141,0.0030441671,16.472736,0.0033439379,17.355936,0.0034859328,14.13118,0.0029436454,15.811758,0.0033271055,16.846965,0.0033471216,13.69485,0.0027504655,14.482525,0.0030148635,11.554045,0.0014276554,16.225371,0.0034104872,16.529547,0.00334516,15.85792,0.0033818518,15.069739,0.0032512016,14.719237,0.0030713412,16.35736,0.0034520275,16.148837,0.0033982197,16.641213,0.0033718807,16.207971,0.0033788639,16.209831,0.003300857,15.909414,0.0034062829,16.505505,0.0034337478,16.387775,0.0034590499,16.215346,0.0034433787,16.8456,0.0034145894,16.005596,0.0033391062,16.289881,0.0034365894,15.856362,0.0033196021
Vv0012w.fits,58756.046412,2019-09-30T01:06:49.997,15.63537,0.0033034969,17.502682,0.0034603771,14.531549,0.0031731319,15.729929,0.0034447748,11.608328,0.0014641631,17.217612,0.0035130653,16.826593,0.0033686313,12.936063,0.0022670745,16.842615,0.0035004678,16.378602,0.0034757996,14.557792,0.0031562241,17.132242,0.0033856497,14.492438,0.0030498809,16.614258,0.0034497577,17.299518,0.0034876741,14.120278,0.0028737243,15.791728,0.0033598271,16.606124,0.0033526864,13.713844,0.0027034742,14.510932,0.0031064625,11.572351,0.0014377569,16.008194,0.003321247,16.627871,0.0034338587,15.892464,0.0034008415,15.095326,0.0032853313,14.724957,0.0031562601,16.1493,0.003442189,16.068052,0.0034011505,16.775854,0.0033908717,16.24013,0.0033827233,16.244842,0.0034081581,16.061493,0.0034584469,16.38955,0.0034382525,16.377132,0.0034512971,16.343792,0.0034559854,16.824701,0.0034254924,16.102216,0.0032647485,16.451852,0.0034681002,15.956568,0.0033968339
Vv0013w.fits,58756.047535,2019-09-30T01:08:27.024,15.638471,0.0033041555,17.194754,0.003362078,14.512995,0.0031468527,15.797081,0.003430571,11.614531,0.0014527977,17.172815,0.0034236578,16.999435,0.0033696811,12.933616,0.0023236685,16.664073,0.0034991677,16.144954,0.0033480616,14.500399,0.0031378826,16.833878,0.0034554755,14.496165,0.0030433176,16.679866,0.0033452081,17.335015,0.0034868127,14.145538,0.0029502395,15.750365,0.003329909,16.63806,0.0034087817,13.690036,0.0027602104,14.539016,0.0031270775,11.598119,0.0014566831,16.107893,0.0033133629,16.572158,0.0034355483,15.836961,0.0033835453,15.131418,0.0032474727,14.68594,0.0031505907,16.231787,0.003456398,16.205468,0.0035095394,16.914796,0.0034976649,16.158391,0.0033760986,16.114213,0.0033978339,19.280711,0.0035439898,16.390853,0.0034676255,16.159059,0.0034248525,16.1565,0.0034597926,17.116637,0.0034220667,16.028397,0.0032684322,16.243441,0.0034576878,15.802633,0.0033261615
Vv0014w.fits,58756.048646,2019-09-30T01:10:03.014,15.658915,0.0033010538,17.343879,0.0034576071,14.53598,0.0031679057,15.753607,0.0034556505,11.608979,0.0014672585,17.412784,0.003530598,16.888901,0.0033465548,12.936492,0.0022844685,16.489031,0.0033905304,16.199859,0.0034646107,14.525196,0.0031402493,17.172045,0.0033906202,14.499355,0.0031179733,16.618989,0.0033724545,17.09986,0.0035143676,14.133116,0.0029683369,15.789052,0.0033782919,16.615088,0.0034387217,13.70448,0.0027796322,14.517301,0.0031053947,11.628085,0.0014573336,16.060949,0.0034116446,16.481402,0.003370816,15.76651,0.0033801087,15.116641,0.0032641304,14.658151,0.0031693928,16.222624,0.0034549903,16.056101,0.0034554413,16.685691,0.0034837704,16.135121,0.0033056728,16.281115,0.0034379374,19.060023,0.0035669836,16.403881,0.0034811768,16.219387,0.003458029,16.181832,0.0034665337,17.075336,0.0033411631,15.990799,0.003363156,16.213249,0.0034634324,15.816924,0.003317928
Vv0015w.fits,58756.049769,2019-09-30T01:11:40.042,15.64108,0.0033713911,17.816251,0.0033553052,14.484403,0.0030737098,15.789022,0.0034026051,11.597781,0.0014424004,17.362418,0.0034155917,16.753229,0.0034068488,12.928484,0.0022571952,16.604561,0.0033816789,16.36038,0.0033848411,14.533418,0.00313941,16.938015,0.0034482996,14.481834,0.0030194943,16.547367,0.0033336093,17.327068,0.0034750358,14.135831,0.0029457981,15.831371,0.0033586112,16.483731,0.0034257431,13.70393,0.0027591073,14.516912,0.0030917932,11.629811,0.0014729948,16.079693,0.0033869628,16.453694,0.0034263349,15.900492,0.0033913417,15.092332,0.0032365959,14.705128,0.0031374119,16.370097,0.0034595472,16.189154,0.0034272251,16.483056,0.0034485866,16.225674,0.0033972737,16.204946,0.0033978112,16.929198,0.003471757,16.370285,0.0034497412,16.27204,0.003443656,16.253547,0.003435516,17.091689,0.003429492,15.952696,0.0032505531,16.571238,0.0034306569,13.593497,0.024535786
Vv0016w.fits,58756.050891,2019-09-30T01:13:16.982,15.669823,0.0033237238,17.205376,0.0033589407,14.475943,0.0031637175,15.745103,0.0034382637,11.605329,0.0014478763,17.196588,0.0034383158,17.06983,0.003462293,12.92729,0.0023139632,16.421606,0.0034913172,16.459851,0.0033844071,14.506948,0.0031449114,17.087983,0.0034815449,14.469749,0.0030415504,16.586078,0.0033572564,17.24341,0.0035242275,14.107038,0.0029464362,15.750866,0.0033543012,16.80651,0.0034504739,13.714751,0.0027748491,14.534556,0.0031211261,11.651965,0.0014913902,16.077716,0.0034155265,16.360557,0.0034373402,15.849048,0.0033831016,15.130697,0.0032822292,14.707257,0.0031712387,16.353347,0.0034992657,16.11443,0.00342298,16.971546,0.0034782592,16.231346,0.0033225861,16.203733,0.0033497126,15.954352,0.0034645566,16.257927,0.0034650578,16.305604,0.0034581075,16.337636,0.003463382,17.028937,0.0033714025,16.099247,0.0033448893,16.493341,0.0034867351,13.571496,0.02463249
Vv0017w.fits,58756.052014,2019-09-30T01:14:54.010,15.62957,0.0032972634,17.33558,0.0033494777,14.43262,0.0030609539,15.735019,0.0033584136,11.596771,0.0014577336,17.083953,0.0034342247,17.388902,0.0033819472,12.917327,0.0023133695,16.670823,0.0034301651,16.310597,0.0034676554,14.543616,0.0030678002,16.681881,0.0033595041,14.461343,0.0030382133,16.490982,0.0033791874,16.835521,0.0034772807,14.11137,0.0029522164,15.768743,0.0033569101,16.563215,0.0033635515,13.705795,0.0027730272,14.515702,0.0030603156,11.661452,0.0014933821,16.058008,0.0034099047,16.261406,0.0034490588,15.859303,0.0034105077,15.109298,0.0032864875,14.647783,0.0031487466,16.171411,0.0034562133,16.160346,0.0034652751,16.725245,0.0034787347,16.11487,0.0033926731,16.28115,0.0033494591,16.043201,0.0034436786,16.264883,0.0034798758,16.125352,0.0034463316,16.161332,0.0033487723,16.925676,0.0033637338,16.103046,0.003355692,16.363557,0.0033831522,13.561899,0.024464044
Vv0018w.fits,58756.053137,2019-09-30T01:16:31.037,15.688208,0.0033273395,17.183583,0.0034531735,14.414479,0.0031380607,15.821712,0.0035631423,11.59104,0.001442762,17.324913,0.0034513024,16.985356,0.0034692201,12.922708,0.0023235572,16.930362,0.0034580924,16.22738,0.0034066403,14.521501,0.0031619325,17.492894,0.003423625,14.490099,0.0031345528,16.434312,0.0034628755,17.00037,0.0035248695,14.091936,0.0028886348,15.794531,0.0033686709,16.648866,0.0034574164,13.706822,0.002724103,14.530418,0.0030590646,11.676176,0.0015039823,16.024675,0.0034278338,16.381395,0.0033669339,15.878976,0.0034274443,15.123088,0.0033092037,14.661744,0.0030856392,nan,0.0036584343,16.043787,0.0034467097,16.672383,0.0035003584,16.233766,0.0034262388,16.213931,0.0034389582,15.900519,0.003366369,16.342944,0.0034721756,15.776135,0.003433937,16.164143,0.0034789061,16.821401,0.0034525598,16.171503,0.003300221,16.329825,0.0034696829,13.716724,0.023800072
Vv0019w.fits,58756.054259,2019-09-30T01:18:07.978,15.612217,0.0033040379,17.418439,0.0034533149,14.450368,0.0031352823,15.753821,0.0034458357,11.595125,0.0014427291,17.212875,0.0035101844,17.152258,0.0034730883,12.933675,0.0023151078,16.680655,0.0033877089,16.35693,0.0034834831,14.516114,0.0032366768,17.116086,0.0034893239,14.48422,0.003043928,16.554918,0.0033580718,17.08095,0.0035231088,14.112688,0.0029398626,15.747817,0.0033421608,16.787475,0.0034537136,13.714052,0.0027764332,14.505399,0.0031157742,11.694736,0.0015141998,16.004084,0.0034166398,16.381164,0.0033594174,15.75411,0.0033899518,15.105775,0.0032757074,14.682262,0.0031512062,16.322636,0.0034455488,16.030878,0.0034308414,16.704599,0.0034801891,16.324551,0.003398457,16.270949,0.00341847,15.958829,0.0034283065,16.362726,0.0034299449,16.155117,0.0033447455,16.317267,0.0033762579,16.645231,0.003416986,16.018889,0.003336572,16.91036,0.0034917306,13.5949,0.024208455
Vv0020w.fits,58756.055382,2019-09-30T01:19:45.005,15.566185,0.0032650688,17.325158,0.0033534446,14.469559,0.0031416528,15.691848,0.0033255976,11.597445,0.0014406956,16.98141,0.0035092286,16.814596,0.0033342452,12.924904,0.002263376,16.664108,0.0033946489,16.4337,0.0034695954,14.521995,0.0031412761,17.319688,0.0033903319,14.501633,0.0029454204,16.384605,0.0034306935,17.359009,0.0035849127,14.112652,0.0028641833,15.788293,0.0033079491,16.3832,0.0033387162,13.680899,0.0027577151,14.514022,0.00310301,11.705766,0.0015231779,16.147596,0.003310822,16.595402,0.0034162957,15.797151,0.0033723095,15.11161,0.0031819741,14.69417,0.0030831389,16.319139,0.0033575622,16.008078,0.0034208948,17.041837,0.0034638288,16.413661,0.0033223955,16.291942,0.0033133039,15.934349,0.0034127822,16.132293,0.0034558135,16.206476,0.0034418571,16.175054,0.0034407462,16.872222,0.003423283,16.089185,0.0033487818,16.27648,0.0033515647,13.410798,0.02495623
Vv0021w.fits,58756.056505,2019-09-30T01:21:22.032,15.655069,0.0034831489,16.202484,0.0033082854,14.534182,0.0031726197,15.819734,0.0034414709,11.628527,0.0014624272,17.65176,0.0035163356,16.88288,0.0032589418,12.950995,0.0022841608,16.501583,0.0033845698,16.276407,0.0034691789,14.542649,0.0030684434,17.095449,0.0034743506,14.551126,0.0031240355,16.945286,0.0033673763,16.844649,0.0034785682,14.11902,0.0029381538,15.826568,0.0033623571,16.677079,0.0034533439,13.705042,0.0027631621,14.525795,0.0031141163,11.746874,0.0015494753,15.997495,0.0033248888,16.705968,0.0034545144,15.878084,0.0034106365,15.076327,0.0033540984,14.709896,0.0030847561,16.207865,0.0034579875,16.075179,0.0034425309,16.509244,0.0033886698,16.274375,0.003312747,16.259275,0.0034172091,17.696838,0.0035257816,16.496715,0.0033781097,16.302787,0.0034477172,16.259787,0.0034570496,16.900314,0.003425312,16.006626,0.0032719947,16.145733,0.0034319288,15.835824,0.0034502554
Vv0022w.fits,58756.057616,2019-09-30T01:22:58.022,15.635698,0.0032952643,17.403072,0.0033795401,14.498486,0.0031721923,15.754516,0.0034355043,11.597624,0.0014571638,17.269806,0.0035363003,17.117521,0.0033772851,12.921848,0.0023133959,16.576301,0.0035074831,16.375849,0.0034052292,14.523421,0.0031341254,17.23179,0.0033907357,14.514765,0.0031228455,16.523575,0.0034572391,17.11021,0.0034817815,14.104109,0.0028895131,15.870053,0.0034581933,16.686926,0.0034548362,13.711198,0.0027737404,14.514371,0.003107488,11.72013,0.001530298,16.086919,0.003323568,16.263956,0.00354219,15.80257,0.0034052835,15.135767,0.0032931503,14.670605,0.0030958435,16.322098,0.0034650659,16.109121,0.0033508784,16.859999,0.0034946975,16.255999,0.003407837,16.229017,0.0034203089,16.055671,0.0034489077,16.228711,0.0033760511,16.311919,0.0033774543,16.425036,0.0034691027,17.18167,0.003369553,16.094551,0.0032781624,16.433554,0.0034773495,13.646168,0.024038906
Vv0023w.fits,58756.058738,2019-09-30T01:24:34.963,15.695471,0.003400571,17.179674,0.003364609,14.491242,0.0031612615,15.843577,0.0034531651,11.609824,0.0014631189,17.346779,0.0034444938,16.990516,0.0033802517,12.928783,0.0022827747,16.914985,0.0035238499,16.143388,0.0034845251,14.533711,0.0031534546,16.839448,0.0034821607,14.501501,0.0030635292,16.702301,0.0034836819,17.296832,0.0034202551,14.102235,0.0028950625,15.805334,0.0033868623,16.52403,0.0034492933,13.712819,0.0027777836,14.552333,0.0031218237,11.741226,0.0015399406,16.103385,0.0033673425,16.525079,0.0034998431,15.898864,0.0034377374,15.085308,0.0032712241,14.67041,0.0030983993,16.257419,0.0033843511,16.148248,0.0034490228,16.908897,0.0034903784,16.165292,0.0033183695,16.414908,0.0033680401,15.972052,0.0034482217,16.410947,0.0034489476,16.308759,0.0034709127,16.288724,0.003475135,16.817394,0.0033590535,16.042807,0.0033615665,16.50967,0.0034970646,15.828972,0.0033583506
Vv0024w.fits,58756.059861,2019-09-30T01:26:11.990,15.634145,0.0033687986,17.347012,0.0034532549,14.504744,0.0031627008,15.787158,0.0034765332,11.612148,0.0014668409,17.228627,0.0035293624,17.256697,0.0034632011,12.940579,0.0023218402,16.634107,0.0035350534,16.221565,0.0033921152,14.556968,0.0031700823,16.989247,0.0033749078,14.473437,0.0030438768,16.608903,0.0033790846,17.044172,0.0034047595,14.11201,0.0028849673,15.884596,0.00338529,16.817065,0.0033779048,13.713591,0.0027071164,14.52535,0.0030458763,11.748068,0.0015468433,16.117209,0.0034286204,16.47954,0.0033642997,15.912802,0.0033973177,15.102271,0.0032842996,14.67733,0.0030957121,16.269304,0.0034801813,16.033697,0.0033523801,17.015986,0.0034156338,16.468416,0.0033411783,16.31086,0.003431518,19.157258,0.0035542265,16.209952,0.0034623037,16.160756,0.0033807196,16.20085,0.0033692258,17.040906,0.0034411349,16.079188,0.0033523671,16.207554,0.0035577964,15.883763,0.0033331556
Vv0025w.fits,58756.060984,2019-09-30T01:27:49.018,15.667765,0.0033206085,17.170672,0.0033972976,14.460627,0.0031642047,15.777757,0.0034740165,11.609143,0.0014527876,17.204703,0.0034633245,17.186613,0.0033977171,12.94191,0.00228623,16.924505,0.0034648419,16.55288,0.0034435327,14.506795,0.0030905908,16.962949,0.0035170014,14.508263,0.0030749008,16.510602,0.0033840056,17.027098,0.0035393691,14.122503,0.002906651,15.795912,0.003388801,16.554898,0.003395218,13.720783,0.0027395519,14.569484,0.0030845591,11.741479,0.0015412197,16.089374,0.0033744431,16.407028,0.0034008519,15.876236,0.0034188821,15.110662,0.0033066035,14.662055,0.0031726956,16.353674,0.0034987405,16.042133,0.0034570896,16.663093,0.0035147945,16.268803,0.0034466253,16.327137,0.0033793577,16.134905,0.0034801275,16.389979,0.0034972666,15.962313,0.0034539487,15.862007,0.0034276328,16.955411,0.0033718219,16.07131,0.0033789554,16.489783,0.0035234156,13.699661,0.02397155
Vv0026w.fits,58756.062106,2019-09-30T01:29:25.958,15.706162,0.0033432737,17.33347,0.00339923,14.432722,0.0031563693,15.763572,0.0034768105,11.603708,0.0014641624,17.152296,0.0034629016,17.059828,0.0033914802,12.944486,0.0022953982,16.930689,0.0034554666,16.295226,0.0034985744,14.562396,0.0031158805,17.136957,0.0035181512,14.508729,0.0031473585,16.517389,0.0034758972,17.084863,0.0036364275,14.121677,0.0029054878,15.890103,0.003423099,16.698953,0.0034812137,13.728307,0.0027308843,14.55625,0.0031535004,11.732252,0.0015394326,16.021908,0.003357812,16.587766,0.0034902358,15.880101,0.0034252962,15.109942,0.003214847,14.664261,0.0030997183,nan,0.0034975236,15.945434,0.0034489382,16.729615,0.0035026004,16.313559,0.0033585899,16.408231,0.0033843791,nan,0.0036095569,16.330423,0.0034759868,15.606946,0.0033144295,16.201786,0.0033867524,16.792635,0.0034774607,15.836324,0.0033773435,16.306392,0.0034773631,15.836347,0.0034124944
Vv0027w.fits,58756.063229,2019-09-30T01:31:02.986,15.616117,0.0034004924,17.238221,0.0034710545,14.410512,0.0031036517,15.729011,0.0034844176,11.603035,0.0014455782,17.09881,0.0034471517,16.767471,0.0034611867,12.935671,0.0023267273,16.712586,0.0034312558,16.713839,0.0034289697,14.524702,0.0031742527,17.226448,0.0034117107,14.487396,0.0031268576,16.81608,0.0033989235,16.815654,0.0035049384,14.119152,0.0028959906,15.815263,0.0033832332,16.640075,0.0033912486,13.713919,0.002798623,14.517514,0.0031285932,11.724873,0.0015195579,16.130697,0.003337345,16.628927,0.0034623515,15.8353,0.0034372634,15.214936,0.0033040152,14.660391,0.0030934888,16.381723,0.003492453,16.123394,0.0033642558,16.946644,0.003515546,16.244069,0.0034284024,16.229215,0.0033535421,16.04058,0.0034686974,16.304155,0.0034758987,16.470628,0.0034820757,16.386811,0.0034737804,16.90722,0.0033709025,15.891185,0.0033657026,16.414144,0.0034926023,13.695299,0.023765755
Vv0028w.fits,58756.064352,2019-09-30T01:32:40.013,15.694609,0.0033584887,17.568611,0.0034195102,14.4471,0.0031085592,15.780249,0.0035047792,11.606512,0.001454234,17.167895,0.003490535,16.608739,0.0034038661,12.928623,0.0023383656,16.675606,0.0034801425,16.50896,0.0034514405,14.527371,0.003193383,17.25344,0.0034650836,14.455108,0.0030778204,16.504884,0.0034261816,17.250819,0.0035778997,14.124447,0.0029896146,15.845857,0.0034084314,16.654125,0.0034082035,13.724339,0.0027543631,14.531012,0.0031840025,11.726907,0.001524534,16.221058,0.0033999621,16.693168,0.0035249886,15.907735,0.003467328,15.156481,0.0033138492,14.697872,0.0031424972,16.19858,0.0035089887,16.109052,0.0034192802,16.800843,0.0035317238,16.338547,0.0034589657,16.27759,0.0034860987,16.097404,0.0035147987,16.285967,0.0035217921,15.921524,0.0035066631,16.501211,0.0035212602,16.965943,0.0034131214,16.00894,0.0033041264,16.426627,0.0034360365,15.759967,0.0033763449
Vv0029w.fits,58756.065463,2019-09-30T01:34:16.003,15.67486,0.0033249357,17.723054,0.0034143324,14.44381,0.0031567947,15.866599,0.0034748065,11.606056,0.0014509495,17.376742,0.0034690671,17.109158,0.0033971386,12.925782,0.0022848584,16.727633,0.003447313,16.624779,0.0035307281,14.578589,0.0031848091,16.815752,0.0034964408,14.527931,0.0030663712,16.607223,0.003402835,17.299859,0.0035686677,14.126593,0.0029139228,15.90765,0.0033705683,16.74577,0.0034841218,13.731771,0.0027372537,14.565398,0.0030761836,11.695859,0.0015182522,16.126419,0.0033563557,16.439694,0.0034665463,15.810506,0.0034159891,15.208738,0.0032431304,14.70162,0.0031973689,16.342912,0.0034884379,16.086492,0.0034717331,16.800478,0.003528317,16.266146,0.0033491398,16.251431,0.0034504417,16.072335,0.003492866,16.375572,0.0034819651,16.405873,0.0034030564,16.412654,0.0034763922,16.792579,0.0034617146,15.891532,0.0032741624,16.59507,0.0034236782,13.649975,0.024098593
Vv0030w.fits,58756.066586,2019-09-30T01:35:53.030,15.801376,0.0033451896,18.193112,0.0034164226,14.549994,0.0031826226,15.918457,0.0034908624,11.625895,0.0014606004,17.16419,0.0035398101,17.00474,0.0033854776,12.945399,0.0022933977,16.544635,0.0034356037,16.473405,0.0034142843,14.541546,0.0031548483,16.932498,0.0034093709,14.543949,0.0030515634,16.887951,0.0034934565,17.153988,0.0035436477,14.124821,0.0029574024,15.879013,0.00346688,16.698442,0.0034648235,13.703928,0.0027796149,14.566173,0.0030756053,11.697006,0.0015179535,16.256885,0.0033726765,16.500438,0.0033897902,nan,0.0035580856,16.375976,0.0034774111,14.725435,0.0031844373,16.355169,0.0035136049,17.368669,0.0035533297,18.140318,0.0035462754,16.478412,0.0034295038,16.24645,0.0033572639,19.263116,0.0035663496,16.222451,0.0034821206,16.415698,0.0034832787,19.269512,0.0035682055,17.169719,0.0033777274,15.949396,0.0033001901,19.141531,0.0035634055,13.533538,0.025125879
Vv0031w.fits,58756.067708,2019-09-30T01:37:29.971,15.635796,0.0034319658,17.423232,0.0034242941,14.560042,0.003216349,15.959623,0.0035074021,11.602433,0.0014649854,17.020534,0.0034850231,16.885548,0.0035114791,12.932207,0.0022966126,16.85351,0.0034605773,16.424504,0.0035213694,14.487545,0.0031777454,17.172126,0.0035159843,14.509267,0.0030687752,16.890723,0.00353465,17.325653,0.003535259,14.124935,0.0029816477,15.43264,0.003371164,16.627282,0.0034148757,13.735949,0.0028141533,14.585583,0.0031699816,11.662916,0.0014846302,16.141205,0.0033837623,16.519781,0.0034014584,15.780303,0.0033569365,15.172752,0.0033240314,14.662411,0.0031190185,16.394106,0.0034368388,16.06658,0.0034842142,16.721289,0.0034213655,16.419721,0.0033636315,16.400069,0.0034758517,18.167208,0.0035771932,16.378457,0.0035248418,16.363619,0.0035222233,16.421867,0.003527303,16.848464,0.0032997655,16.078829,0.0033949812,16.252953,0.0034147915,13.709445,0.024372796
Vv0032w.fits,58756.068831,2019-09-30T01:39:06.998,15.673687,0.0033330828,17.923504,0.0034977287,14.501402,0.0031102005,15.930818,0.0034895519,11.598607,0.0014471705,17.297967,0.0035563466,17.123675,0.0034755603,12.916176,0.0022715521,16.65709,0.0034349225,16.447279,0.0035241222,14.527441,0.0031700116,17.099127,0.0034319203,14.515045,0.0030593582,16.640564,0.0034037643,17.392999,0.0035454434,14.132027,0.0028945378,15.824943,0.003393517,16.631941,0.0033888164,13.741147,0.0027395898,14.56471,0.0031710382,11.636003,0.0014665856,16.199094,0.0034606074,16.695096,0.0033850069,15.836277,0.0034298634,15.061921,0.0033015241,14.662848,0.0030985561,16.441911,0.0034130783,16.165367,0.0034796557,16.917235,0.003514267,16.605278,0.0033693185,16.495016,0.0034552084,nan,0.003602626,16.460037,0.0035062127,16.122523,0.0034828101,16.091994,0.0034845448,16.778331,0.0033683304,15.970181,0.0033744045,16.525804,0.0034181818,13.60706,0.024558293
Vv0033w.fits,58756.069954,2019-09-30T01:40:44.026,15.608828,0.0033072856,17.549386,0.0033779741,14.504366,0.0031595285,15.943921,0.0034527698,11.59418,0.0014573137,17.270066,0.003445338,16.971793,0.0032811584,12.904333,0.0022745518,16.659011,0.0035120581,16.199901,0.0034953785,14.501341,0.0032358013,17.148888,0.0033977471,14.517507,0.0030457471,16.885309,0.0033943213,17.416881,0.0035141995,14.099451,0.0028920799,15.875154,0.0033888881,16.638723,0.0034651194,13.737318,0.0027417777,14.574832,0.0031431656,11.621329,0.0014711251,16.122673,0.0033333905,16.770714,0.0034854884,15.856017,0.0034262174,15.146882,0.003286353,14.649111,0.0031673289,16.246378,0.0034728302,16.19583,0.0034597136,16.680496,0.003495459,16.272944,0.0033443097,16.400331,0.0033721623,18.543154,0.0035611168,16.205581,0.0033686363,16.329329,0.0034636592,16.553136,0.0034820855,17.224735,0.0033516956,16.048075,0.0032867057,16.316297,0.0033802495,13.65174,0.024138557
Vv0034w.fits,58756.071076,2019-09-30T01:42:20.966,15.602188,0.0033020889,17.269447,0.0034634321,14.524846,0.0031052768,15.82628,0.0033672292,11.594239,0.0014609894,17.287285,0.0034527609,17.014013,0.0034698437,12.908808,0.00226746,16.804176,0.0034360286,16.289889,0.003390485,14.504825,0.0031609363,17.179149,0.0033901609,14.499997,0.0030585256,16.923208,0.0034630496,17.242681,0.0035150557,14.107731,0.0028861975,15.895854,0.0033935523,16.603185,0.0034424126,13.731234,0.0027350142,14.583295,0.0030625465,11.593944,0.0014358072,16.056771,0.0034289657,16.571703,0.0034602648,15.889534,0.0034144489,15.140536,0.0032911607,14.660183,0.0031641187,16.389845,0.0034835097,16.005329,0.0034403939,16.818255,0.0035049328,15.397937,0.0033305822,16.410409,0.0033669286,21.271053,0.0035891064,16.413279,0.0033971555,16.247255,0.0034543635,16.264199,0.0034496245,16.762341,0.0033501044,16.068229,0.0033565086,16.205635,0.0034724371,13.73516,0.023972899
Vv0035w.fits,58756.072188,2019-09-30T01:43:57.043,15.753397,0.003444812,17.411837,0.0034131384,14.468792,0.0031010459,15.776206,0.0034602262,11.612279,0.0014692824,17.395536,0.0035595938,16.921795,0.0034945143,12.918871,0.0022722145,16.581164,0.0035341122,16.713009,0.0034598363,14.814074,0.0032715057,17.06917,0.0033990199,14.510669,0.0030784039,16.622911,0.0033921886,17.263774,0.0035296454,14.107657,0.0028948038,15.966964,0.0034012879,16.642385,0.0033892195,13.734935,0.0027514102,14.572285,0.0030801249,11.596956,0.0014602685,16.147816,0.0034621086,16.486231,0.0033950421,15.935614,0.0034495144,15.153046,0.0033191222,14.684871,0.0031104195,16.192327,0.0034785398,16.262685,0.0034654821,16.858417,0.0035547357,16.375813,0.0034378539,16.266249,0.0033698105,16.134142,0.0034978815,16.325565,0.0034836498,16.29905,0.00341699,16.238167,0.003408566,16.754531,0.0034006889,16.123502,0.00331937,16.511498,0.003516404,13.642566,0.024427654
Vv0036w.fits,58756.07331,2019-09-30T01:45:33.984,15.50532,0.0033118582,18.243265,0.0034935431,14.507567,0.003113853,15.833489,0.0034869925,11.598163,0.0014467329,17.290188,0.0034560806,16.817749,0.0033843145,12.919397,0.0022736136,16.659142,0.0034530981,16.432187,0.0035197284,14.497241,0.0031548835,17.143035,0.0034158371,14.485372,0.003053249,16.621491,0.003395392,17.578542,0.0035290883,14.061242,0.0028841125,15.87788,0.0033772561,16.568903,0.0033718986,13.740322,0.0028086186,14.569973,0.0031608511,11.554118,0.0014290208,16.184179,0.0033623309,16.49968,0.0034916374,14.911342,0.0031790493,15.216162,0.0032400441,14.657865,0.0031701326,16.203758,0.003402885,16.191863,0.0034832878,16.763698,0.0034275358,16.224802,0.0033481947,16.263476,0.003354488,18.088099,0.0034805655,16.366673,0.0034113249,16.436237,0.0034107338,16.146993,0.0033952892,17.077709,0.0034645189,15.97988,0.0033623476,16.240023,0.0033828866,13.601005,0.024694664
Vv0037w.fits,58756.074433,2019-09-30T01:47:11.011,15.642145,0.0033507641,17.812793,0.0033957867,14.421714,0.0031865696,15.774762,0.0034898681,11.597738,0.0014453592,17.427641,0.0034932825,17.339784,0.0034160476,12.925983,0.0022799041,16.599102,0.0034502163,16.42639,0.0034417766,14.542516,0.0031868832,17.248914,0.0034245646,14.516316,0.0030942045,16.709319,0.00341278,17.17391,0.0035508509,14.037727,0.0029439974,15.807596,0.0033976174,16.803977,0.0033995775,13.743423,0.002821657,14.593865,0.003178175,11.537979,0.0014254899,16.034491,0.0033757937,16.430016,0.0034682005,15.905617,0.0034420697,15.198739,0.0033229517,14.706678,0.0032202899,16.25882,0.0035323144,16.143708,0.0033930629,16.766746,0.0034480822,16.243965,0.003362352,16.353592,0.0033858361,16.078711,0.0034781342,16.217818,0.0034111116,16.283696,0.0034166953,16.414952,0.0035081365,16.799293,0.0033868105,15.999054,0.0033156837,16.475241,0.0034280836,13.610979,0.024430449
Vv0038w.fits,58756.075556,2019-09-30T01:48:48.038,15.709278,0.0034377936,17.613988,0.0034089987,14.446302,0.0030930765,15.76548,0.0034708437,11.59637,0.0014442136,17.384574,0.0034900979,17.074431,0.0034050708,12.919822,0.0023258867,16.760235,0.0034605394,16.450372,0.00344389,14.542947,0.0031944396,17.031539,0.0034201974,14.480898,0.0031497865,16.552059,0.003410228,17.363358,0.0035552445,14.117333,0.002982299,15.80209,0.0034109883,16.585338,0.0034080188,13.727722,0.0027486315,14.58324,0.0031803602,11.511436,0.0013962916,16.033878,0.0034643832,16.416995,0.0034827372,15.955672,0.0034641065,15.167487,0.0033200345,14.711061,0.0031193283,16.348578,0.0034888493,16.090716,0.003377763,16.871796,0.0035294975,16.36725,0.0033772155,16.335303,0.0033843479,16.119021,0.0035058655,16.361376,0.0034984096,16.352787,0.0034157136,16.39872,0.0034024145,16.925562,0.0033756053,16.037212,0.0034023727,16.478454,0.0035098401,13.631211,0.02414734
Vv0039w.fits,58756.076678,2019-09-30T01:50:24.979,15.70365,0.0033251545,18.42932,0.0033943718,14.450796,0.0031628,15.798358,0.0034725853,11.600485,0.0014646353,17.433598,0.0034703474,16.776228,0.0034650943,12.92738,0.0023250969,16.794673,0.003443196,16.419664,0.003321981,14.549953,0.0031746721,16.797087,0.0034995436,14.495878,0.0030560547,16.572468,0.0033928133,17.14783,0.0035262186,14.10845,0.0029017445,15.943476,0.0034043713,16.703486,0.0033870381,13.721261,0.0027961895,14.595694,0.0031614976,11.495448,0.001401801,16.087746,0.0033755292,16.430082,0.0035005278,15.958275,0.0034123455,15.163471,0.0033112683,14.697327,0.0032078929,19.152147,0.0035798913,16.120086,0.0033909116,16.897779,0.0035360847,16.389605,0.0034414651,16.258736,0.0033810234,15.900668,0.0034790827,16.303824,0.0034925407,16.030852,0.0034631868,16.345443,0.0034921922,16.906387,0.0034669238,16.128316,0.0033124842,16.426538,0.0034970818,13.596516,0.02433862
Vv0040w.fits,58756.077801,2019-09-30T01:52:02.006,15.602651,0.003403272,17.583921,0.0034780316,14.48525,0.0031519644,15.80522,0.0034850108,11.60205,0.0014648072,16.882279,0.0034302367,16.980935,0.0034707499,12.931715,0.0022819601,16.806605,0.0035290146,16.351894,0.003503298,14.538074,0.0031540456,16.936058,0.0034120748,14.509701,0.0030461056,16.483871,0.0033890409,17.136299,0.0035102369,14.137492,0.0029752977,15.889568,0.00341465,16.817338,0.0034991915,13.721212,0.0027277157,14.56538,0.0031529671,11.480037,0.001389242,16.328962,0.003441015,16.648918,0.003399324,15.182509,0.0034034973,15.214466,0.0033160778,14.71535,0.0031849504,16.229236,0.003451257,16.061496,0.0034598521,16.667949,0.0034797893,16.354826,0.0033483555,16.287135,0.00346941,16.244555,0.0034874425,16.41381,0.0034801737,16.233837,0.0034950547,16.486272,0.0035042204,16.869516,0.0033663747,16.006306,0.0032897703,16.48702,0.0034856505,15.816975,0.003338213
Vv0041w.fits,58756.078924,2019-09-30T01:53:39.034,15.642227,0.0033037026,17.719697,0.0033968595,14.508162,0.0031877408,15.781513,0.0034664467,11.597676,0.0014626513,17.122542,0.0034525008,17.143432,0.0033884857,12.927377,0.0023263287,16.588803,0.0035236567,16.357424,0.0035014848,14.507043,0.0031650333,17.397643,0.0034311847,14.507965,0.0031379758,16.710939,0.0034198793,17.374749,0.0035404285,14.113481,0.0028868911,15.885982,0.0033881917,16.568993,0.0033786951,13.726516,0.0027237661,14.59778,0.0030839834,11.447416,0.0013685575,14.898142,0.0031636925,16.656176,0.0034901001,15.77318,0.0033348895,15.157076,0.0033169526,14.670773,0.0031028607,16.325265,0.0035016537,16.102781,0.003389027,16.845846,0.0034257629,16.306804,0.0033570315,16.276874,0.003447641,16.196818,0.0034835116,16.397943,0.0034035697,16.433469,0.0034794239,16.456944,0.0034802017,16.883845,0.0033794083,15.916972,0.0033618012,16.235841,0.0034922242,15.865081,0.0033604379
Vv0042w.fits,58756.080035,2019-09-30T01:55:15.024,15.640042,0.0033247302,17.724942,0.003324677,14.457014,0.0031590585,15.896303,0.0034735953,11.597273,0.0014604005,17.236193,0.0035613764,17.124434,0.0033852338,12.920789,0.0023234041,16.749497,0.0034320637,16.419456,0.0034355608,14.497711,0.0031832154,17.37694,0.0034456962,14.485533,0.0030703681,16.735793,0.0034268547,16.946069,0.0035140232,14.128706,0.0029029442,15.86708,0.0034843109,16.482364,0.0033905509,13.736282,0.0028189862,14.580997,0.0030935978,11.42944,0.0013618531,16.277731,0.0033976671,16.601615,0.0035102471,15.946627,0.0034571346,15.15915,0.0033183066,14.709232,0.0031124276,16.455218,0.0034209943,16.075673,0.0033941264,17.012167,0.0034474485,16.472395,0.0034563678,16.189108,0.0033867314,15.991598,0.0034942687,16.311698,0.0034805911,16.334047,0.0034942303,16.289321,0.0034937148,17.103616,0.0034694699,15.942436,0.0033694053,16.404058,0.0034967865,15.870517,0.0033713251
Vv0043w.fits,58756.081157,2019-09-30T01:56:51.965,15.64571,0.0033021279,17.148484,0.0033650874,14.519905,0.00318188,15.809748,0.0034714565,11.600279,0.0014493038,17.37053,0.0034454335,17.403311,0.0034767578,12.926765,0.0023301642,16.60041,0.0035153099,16.438864,0.0035010695,14.543208,0.0030956297,17.109521,0.0034320007,14.512002,0.0030568963,16.533851,0.0034694612,17.512591,0.0035232489,14.115151,0.0029651042,15.852748,0.0033848571,17.001862,0.0033796389,13.73422,0.00272687,14.587051,0.0030693521,11.415304,0.0013518343,16.246012,0.0034477949,16.626702,0.0033929671,15.905261,0.0034400555,15.141188,0.0032104184,14.699871,0.0031748868,16.272772,0.0034805836,16.033096,0.0034437965,16.738814,0.0035091897,16.398039,0.0034301974,16.311599,0.0034503469,18.571886,0.0035661674,16.280888,0.0034102882,16.229599,0.003478532,16.271972,0.0034798637,16.580628,0.0033564139,15.991194,0.0032931661,16.519251,0.003489492,15.836418,0.0033197772
Vv0044w.fits,58756.08228,2019-09-30T01:58:28.992,15.648295,0.0033389807,17.273246,0.0033910486,14.469852,0.0031743234,15.773292,0.003585688,11.60169,0.0014507276,17.375694,0.0035683553,17.246295,0.0035000802,12.93656,0.0023326818,16.703527,0.0035458148,16.229554,0.0034247417,14.566606,0.0031085705,16.806743,0.0033101222,14.491749,0.0030545988,16.7301,0.0034135683,17.290256,0.0035519166,14.119242,0.0029082355,15.741286,0.0033927907,16.655006,0.0035089046,13.741218,0.0027389334,14.613769,0.0031692647,11.397185,0.0013461352,16.211906,0.00338138,16.572304,0.0034818711,16.014816,0.0034584976,15.169719,0.0033221822,14.682282,0.0031226321,16.432266,0.0035170574,15.882598,0.0034541956,16.761287,0.0034997183,16.375664,0.00336943,16.305016,0.0033860405,16.216728,0.0035050893,16.425033,0.0034984071,16.135856,0.0034808535,16.284689,0.0034867812,16.903021,0.0033890174,15.992455,0.0032917023,16.240913,0.0034103119,15.886643,0.003351955
Vv0045w.fits,58756.083403,2019-09-30T02:00:06.019,15.752728,0.003409339,17.174243,0.0033694907,14.42535,0.0031286534,15.798504,0.0034550332,11.595117,0.0014399067,17.120397,0.003533059,17.232891,0.0033821626,12.922754,0.0023155291,16.659775,0.0034162029,16.425445,0.0034937951,14.492261,0.0030710655,17.065336,0.00339693,14.501025,0.0030669827,16.73472,0.0033974034,17.502889,0.0035166681,14.093936,0.0029423246,15.934832,0.0034718642,16.675569,0.0034559157,13.745083,0.0027936627,14.610099,0.0030934736,11.373973,0.0013304323,16.175152,0.0033485794,16.468102,0.0033728401,15.971387,0.0034105395,15.19912,0.0032282594,14.725675,0.0031117388,16.342542,0.0034867465,16.117343,0.0033506448,17.025602,0.0034302361,16.217588,0.0033284898,16.300316,0.0033565318,15.962309,0.0034395355,16.088573,0.0033565101,16.318176,0.003451267,16.422724,0.003466549,17.041989,0.0034481506,15.997403,0.00336135,16.503493,0.0034997094,13.713573,0.023827471
Vv0046w.fits,58756.084525,2019-09-30T02:01:42.960,15.655667,0.0034181334,17.446956,0.0033949178,14.427518,0.0031369072,15.865702,0.003471634,11.588156,0.0014529731,17.754103,0.003550384,17.309728,0.0034726681,12.915185,0.0023181128,16.733099,0.0034462051,16.349214,0.0035010577,14.515763,0.0031609783,16.799065,0.0034018289,14.524815,0.0030711277,16.523691,0.0034699286,17.243166,0.003426689,14.111772,0.0029016659,15.772981,0.0033791471,16.796821,0.0033935088,13.749007,0.0028068819,14.616208,0.0030955999,11.353292,0.001316116,16.144834,0.0033677734,16.511692,0.0034528024,15.891451,0.0034496315,15.135563,0.0033009323,14.683182,0.0031819449,16.396042,0.003415216,16.180946,0.0033726817,16.856739,0.0035214176,16.325782,0.003322855,16.234915,0.0034469836,16.043959,0.0034756647,16.411995,0.0033999599,16.383712,0.0034110592,16.435477,0.0034143465,16.872115,0.0033871112,15.942416,0.0032921795,15.720456,0.0033479229,15.770555,0.0034123906
Vv0047w.fits,58756.085648,2019-09-30T02:03:19.987,15.65574,0.003412796,17.442538,0.0033938379,14.403071,0.0030813002,15.912161,0.0034762867,11.586386,0.0014379063,16.872428,0.0034322718,17.231283,0.0034837972,12.924272,0.0022846902,16.643705,0.0034308158,16.195848,0.0034065409,14.522216,0.0031695385,17.317442,0.0034093183,14.499205,0.0030728576,16.634555,0.0033910947,16.997744,0.0035239671,14.091269,0.0029579189,15.894488,0.0033800833,16.704762,0.003387371,13.738886,0.0028045083,14.655444,0.0031877225,11.33129,0.0013082003,16.200436,0.0033637613,16.463202,0.0034713478,16.013176,0.0034453803,15.181698,0.003286509,14.672467,0.0031042583,16.494534,0.0034944643,16.044346,0.0034448155,16.966248,0.0034281497,16.367179,0.0033432035,16.332531,0.0034396528,16.036442,0.0034632345,16.393507,0.0034144868,16.449264,0.0035034303,16.249486,0.0034893293,16.850179,0.0033548936,15.857584,0.0033651043,16.335609,0.0034865346,15.876532,0.0033906113
Vv0048w.fits,58756.086759,2019-09-30T02:04:55.978,15.639651,0.0033839897,18.536978,0.0033775863,14.461811,0.0030826532,15.812346,0.0034361576,11.587041,0.0014367135,17.692428,0.0034437246,17.141961,0.0033574119,12.919852,0.0023143806,16.702527,0.0034254724,16.276634,0.0034812463,14.508777,0.0031576038,17.242097,0.003409444,14.501042,0.0030472063,16.657346,0.0033713638,17.213589,0.0035054553,14.111785,0.0029559614,15.893689,0.0034637585,16.740678,0.0033729015,13.734757,0.0027396453,14.633928,0.0031513371,11.30845,0.0012835105,16.124418,0.0033341824,16.680238,0.0034823497,15.992406,0.0034168094,15.163607,0.0032795885,14.709944,0.0030980038,16.322862,0.003468904,16.037581,0.0033417474,16.656335,0.0033829753,16.44348,0.0033225395,16.250147,0.0034274422,15.941412,0.0034465606,16.402532,0.0033858658,16.275177,0.0034812718,16.36967,0.003477858,16.975641,0.0034538721,16.040815,0.0033484417,16.905503,0.0035228015,13.662861,0.024198437
Vv0049w.fits,58756.087882,2019-09-30T02:06:33.005,15.673426,0.0034004025,17.984408,0.0034138507,14.501923,0.0031879225,15.783391,0.0034551273,11.595628,0.0014410665,17.433383,0.003462194,17.149831,0.0034698871,12.920555,0.0023216246,16.718874,0.0034455264,16.517765,0.0035266445,14.494504,0.0030771525,17.046881,0.003421022,14.487322,0.0031224958,16.700717,0.0034066853,17.188265,0.0035276275,14.111377,0.0029533963,15.97091,0.0034106924,16.699534,0.0033747693,13.728852,0.0027260939,14.604504,0.003076861,11.301929,0.0012788731,16.151265,0.0034357464,16.478775,0.0034662258,15.900852,0.0033921394,15.162726,0.0032638912,14.712781,0.0031856171,16.562693,0.0035115167,16.203787,0.0033812224,16.762788,0.0034063795,16.357177,0.0033512903,16.374766,0.0033646819,18.41445,0.0035841507,16.50138,0.0034239462,16.228685,0.003484699,16.415417,0.0034811728,17.105799,0.0033802834,16.087978,0.0032817614,16.34635,0.0034760172,13.604508,0.024472541
Vv0050w.fits,58756.089005,2019-09-30T02:08:10.032,15.614879,0.0033284725,17.635769,0.0034168728,14.508574,0.0031138089,15.926848,0.0034995277,11.585941,0.0014565131,17.195946,0.0035618231,17.117063,0.0033888317,12.919325,0.002288954,16.833673,0.0034740507,16.176025,0.0035166557,14.545445,0.0031789314,17.117097,0.0034259162,14.483122,0.0030481527,16.774228,0.003411317,17.211715,0.0034578901,14.069241,0.0029624706,15.965952,0.0034118848,16.619152,0.0033859126,13.775138,0.0027715621,14.611378,0.003175721,11.280115,0.001280314,16.163101,0.0034526295,16.58418,0.0034871298,16.067128,0.0034939647,15.099765,0.0033022052,14.685828,0.0031900746,15.795573,0.0033608901,16.058466,0.0033724892,16.68722,0.0035478805,16.438693,0.003462653,16.362737,0.0034752293,16.313522,0.0035123366,16.272664,0.0035074036,16.372463,0.00352514,16.40378,0.0035152553,16.851596,0.0033907297,15.971327,0.0033148753,16.228416,0.0034855844,15.920673,0.0035111536
